{"cameraMode":{"drawMode":0,"name":"Shaded","section":"Shading Mode"},"sceneLighting":false,"audioPlay":false,"sceneViewState":{"m_AlwaysRefresh":false,"showFog":true,"showSkybox":false,"showFlares":true,"showImageEffects":true,"showParticleSystems":true,"showVisualEffectGraphs":true,"m_FxEnabled":true},"in2DMode":false,"pivot":{"x":-0.707284688949585,"y":0.09836411476135254,"z":-0.08473163843154907},"rotation":{"x":-0.049094513058662418,"y":0.6509418487548828,"z":-0.04224173724651337,"w":-0.7564072608947754},"size":1.892150640487671,"orthographic":false}